11处特工皇妃,潇湘冬儿,http://www.xxsy.net/info/165098.html,99000,5500000000,648116
暖妻成瘾,程小一,http://www.xxsy.net/info/650182.html,67000,2400000000,143090
傲风,风行烈,http://www.xxsy.net/info/207080.html,75000,2300000000,805670
豪门重生之妇贵逼人,恩很宅,http://www.xxsy.net/info/790887.html,35000,1600000000,124167
顾先深的闪婚贵妻,菜卷泪,http://www.xxsy.net/info/748754.html,18000,1300000000,54447
钻石闪婚之溺宠小娇妻,花间妖,http://www.xxsy.net/info/732012.html,35000,1200000000,554677
重生之深宫嫡女,元长安,http://www.xxsy.net/info/439250.html,20000,1200000000,80639
毒后归来之家有暴君,顾轻狂,http://www.xxsy.net/info/759701.html,22000,1200000000,36050
豪门重生之暖爱成婚,大雪人,http://www.xxsy.net/info/778326.html,16000,1200000000,36589
凤临之妖王滚下榻,战西野,http://www.xxsy.net/info/611668.html,50000,1100000000,86262
重生之国民男神,水千澈,http://www.xxsy.net/info/704775.html,56000,1100000000,104597
渣王作妃,浅浅的心,http://www.xxsy.net/info/740003.html,42000,1100000000,331088
绣色可餐,青青的悠然,http://www.xxsy.net/info/693438.html,37000,1000000000,101960
火爆医妃之病王太腹黑,香雪宠儿,http://www.xxsy.net/info/730430.html,9985,1000000000,59362
人皇纪,皇甫奇,http://www.17k.com/book/1859126.html,326814,971974423,10976735
龙符,梦入神机,http://book.zongheng.com/book/523438.html,493783,276020087,978151
万域之王,逆苍天,http://book.zongheng.com/book/568097.html,226364,215321625,12394471
妙医鸿途,烟斗老哥,http://book.zongheng.com/book/603738.html,70187,213183441,12842002
大逆之门,知白,http://book.zongheng.com/book/555035.html,114157,190923852,11978362
大刁民,仲星羽,http://book.zongheng.com/book/43467.html,72139,186091938,11715980
