元尊,天蚕土豆,http://book.zongheng.com/book/685640.html,44521,70673326,15076325
祭炼山河,食堂包子,http://book.zongheng.com/book/309318.html,58918,77648909,13821260
超品战兵,梁不凡,http://book.zongheng.com/book/512263.html,260073,87780896,13786229
妙医鸿途,烟斗老哥,http://book.zongheng.com/book/603738.html,70187,213183441,12842002
圣武星辰,乱世狂刀,http://book.zongheng.com/book/682920.html,81421,90403513,12470234
万域之王,逆苍天,http://book.zongheng.com/book/568097.html,226364,215321625,12394471
大逆之门,知白,http://book.zongheng.com/book/555035.html,114157,190923852,11978362
医品宗师,步行天下,http://book.zongheng.com/book/635570.html,86205,159052586,11968830
最强逆袭,关中老人,http://book.zongheng.com/book/632434.html,70506,169266675,11896111
大刁民,仲星羽,http://book.zongheng.com/book/43467.html,72139,186091938,11715980
人皇纪,皇甫奇,http://www.17k.com/book/1859126.html,326814,971974423,10976735
最强妖孽,厄夜怪客,http://book.zongheng.com/book/524571.html,80015,61534627,7227532
英雄联盟之决胜巅峰,机器人布里茨,http://www.17k.com/book/1724482.html,9592,149813735,4121117
医等狂兵,覆手,http://book.zongheng.com/book/665301.html,41689,58048630,4002208
逆天邪神,火星引力,http://book.zongheng.com/book/408586.html,112436,61994682,3804252
天行,失落叶,http://www.17k.com/book/2722533.html,68826,7491423,3605402
剑来,烽火戏诸侯,http://book.zongheng.com/book/672340.html,67228,15878061,2895843
九界仙尊,神出古异,http://book.zongheng.com/book/513438.html,25647,12435207,2779214
平天策,无罪,http://book.zongheng.com/book/688697.html,76594,32980186,2726437
神都夜行录,诗跟远方,http://book.zongheng.com/book/717536.html,1541,3511893,2580240
